source_id,device_id,observed_at_utc,observed_at_local,temperature_c,relative_humidity_pct,latitude,longitude,source_location,provenance
COM-microclimate-sensors-data,ICTMicroclimate-01,2026-01-06T13:06:00+00:00,2026-01-07T00:06:00+11:00,20.4,80.300003,-37.8185931,144.9716404,Birrarung Marr Park - Pole 1131,observed_environmental_sensor_replay
COM-microclimate-sensors-data,ICTMicroclimate-01,2026-01-06T13:21:01+00:00,2026-01-07T00:21:01+11:00,20.200001,78.900002,-37.8185931,144.9716404,Birrarung Marr Park - Pole 1131,observed_environmental_sensor_replay
COM-microclimate-sensors-data,ICTMicroclimate-01,2026-01-06T13:36:01+00:00,2026-01-07T00:36:01+11:00,20.0,79.300003,-37.8185931,144.9716404,Birrarung Marr Park - Pole 1131,observed_environmental_sensor_replay
COM-microclimate-sensors-data,ICTMicroclimate-01,2026-01-06T13:51:02+00:00,2026-01-07T00:51:02+11:00,19.799999,78.300003,-37.8185931,144.9716404,Birrarung Marr Park - Pole 1131,observed_environmental_sensor_replay
COM-microclimate-sensors-data,ICTMicroclimate-01,2026-01-06T14:06:28+00:00,2026-01-07T01:06:28+11:00,19.799999,76.0,-37.8185931,144.9716404,Birrarung Marr Park - Pole 1131,observed_environmental_sensor_replay
COM-microclimate-sensors-data,ICTMicroclimate-01,2026-01-06T14:21:03+00:00,2026-01-07T01:21:03+11:00,19.799999,76.199997,-37.8185931,144.9716404,Birrarung Marr Park - Pole 1131,observed_environmental_sensor_replay
COM-microclimate-sensors-data,ICTMicroclimate-01,2026-01-06T14:36:03+00:00,2026-01-07T01:36:03+11:00,19.5,81.099998,-37.8185931,144.9716404,Birrarung Marr Park - Pole 1131,observed_environmental_sensor_replay
COM-microclimate-sensors-data,ICTMicroclimate-01,2026-01-06T14:51:04+00:00,2026-01-07T01:51:04+11:00,19.0,85.099998,-37.8185931,144.9716404,Birrarung Marr Park - Pole 1131,observed_environmental_sensor_replay
COM-microclimate-sensors-data,ICTMicroclimate-01,2026-01-06T15:06:04+00:00,2026-01-07T02:06:04+11:00,18.9,85.099998,-37.8185931,144.9716404,Birrarung Marr Park - Pole 1131,observed_environmental_sensor_replay
COM-microclimate-sensors-data,ICTMicroclimate-01,2026-01-06T15:28:06+00:00,2026-01-07T02:28:06+11:00,18.6,86.099998,-37.8185931,144.9716404,Birrarung Marr Park - Pole 1131,observed_environmental_sensor_replay
COM-microclimate-sensors-data,ICTMicroclimate-01,2026-01-06T15:36:06+00:00,2026-01-07T02:36:06+11:00,18.200001,87.5,-37.8185931,144.9716404,Birrarung Marr Park - Pole 1131,observed_environmental_sensor_replay
COM-microclimate-sensors-data,ICTMicroclimate-01,2026-01-06T15:51:06+00:00,2026-01-07T02:51:06+11:00,18.0,88.0,-37.8185931,144.9716404,Birrarung Marr Park - Pole 1131,observed_environmental_sensor_replay
COM-microclimate-sensors-data,ICTMicroclimate-01,2026-01-06T16:06:06+00:00,2026-01-07T03:06:06+11:00,17.9,87.5,-37.8185931,144.9716404,Birrarung Marr Park - Pole 1131,observed_environmental_sensor_replay
COM-microclimate-sensors-data,ICTMicroclimate-01,2026-01-06T16:21:07+00:00,2026-01-07T03:21:07+11:00,17.700001,88.099998,-37.8185931,144.9716404,Birrarung Marr Park - Pole 1131,observed_environmental_sensor_replay
COM-microclimate-sensors-data,ICTMicroclimate-01,2026-01-06T16:36:08+00:00,2026-01-07T03:36:08+11:00,17.700001,88.400002,-37.8185931,144.9716404,Birrarung Marr Park - Pole 1131,observed_environmental_sensor_replay
COM-microclimate-sensors-data,ICTMicroclimate-01,2026-01-06T16:51:08+00:00,2026-01-07T03:51:08+11:00,17.700001,87.199997,-37.8185931,144.9716404,Birrarung Marr Park - Pole 1131,observed_environmental_sensor_replay
COM-microclimate-sensors-data,ICTMicroclimate-01,2026-01-06T17:06:08+00:00,2026-01-07T04:06:08+11:00,17.700001,85.400002,-37.8185931,144.9716404,Birrarung Marr Park - Pole 1131,observed_environmental_sensor_replay
COM-microclimate-sensors-data,ICTMicroclimate-01,2026-01-06T17:21:09+00:00,2026-01-07T04:21:09+11:00,17.799999,83.300003,-37.8185931,144.9716404,Birrarung Marr Park - Pole 1131,observed_environmental_sensor_replay
COM-microclimate-sensors-data,ICTMicroclimate-01,2026-01-06T17:36:09+00:00,2026-01-07T04:36:09+11:00,18.299999,80.300003,-37.8185931,144.9716404,Birrarung Marr Park - Pole 1131,observed_environmental_sensor_replay
COM-microclimate-sensors-data,ICTMicroclimate-01,2026-01-06T17:51:10+00:00,2026-01-07T04:51:10+11:00,18.799999,77.800003,-37.8185931,144.9716404,Birrarung Marr Park - Pole 1131,observed_environmental_sensor_replay
COM-microclimate-sensors-data,ICTMicroclimate-01,2026-01-06T18:06:11+00:00,2026-01-07T05:06:11+11:00,19.200001,76.199997,-37.8185931,144.9716404,Birrarung Marr Park - Pole 1131,observed_environmental_sensor_replay
COM-microclimate-sensors-data,ICTMicroclimate-01,2026-01-06T18:21:11+00:00,2026-01-07T05:21:11+11:00,19.200001,76.199997,-37.8185931,144.9716404,Birrarung Marr Park - Pole 1131,observed_environmental_sensor_replay
COM-microclimate-sensors-data,ICTMicroclimate-01,2026-01-06T18:36:12+00:00,2026-01-07T05:36:12+11:00,19.4,75.300003,-37.8185931,144.9716404,Birrarung Marr Park - Pole 1131,observed_environmental_sensor_replay
COM-microclimate-sensors-data,ICTMicroclimate-01,2026-01-06T18:51:12+00:00,2026-01-07T05:51:12+11:00,19.799999,73.199997,-37.8185931,144.9716404,Birrarung Marr Park - Pole 1131,observed_environmental_sensor_replay
COM-microclimate-sensors-data,ICTMicroclimate-01,2026-01-06T19:06:13+00:00,2026-01-07T06:06:13+11:00,19.700001,74.300003,-37.8185931,144.9716404,Birrarung Marr Park - Pole 1131,observed_environmental_sensor_replay
COM-microclimate-sensors-data,ICTMicroclimate-01,2026-01-06T19:28:14+00:00,2026-01-07T06:28:14+11:00,19.700001,74.0,-37.8185931,144.9716404,Birrarung Marr Park - Pole 1131,observed_environmental_sensor_replay
COM-microclimate-sensors-data,ICTMicroclimate-01,2026-01-06T19:36:14+00:00,2026-01-07T06:36:14+11:00,19.5,75.199997,-37.8185931,144.9716404,Birrarung Marr Park - Pole 1131,observed_environmental_sensor_replay
COM-microclimate-sensors-data,ICTMicroclimate-01,2026-01-06T19:51:14+00:00,2026-01-07T06:51:14+11:00,19.700001,73.699997,-37.8185931,144.9716404,Birrarung Marr Park - Pole 1131,observed_environmental_sensor_replay
COM-microclimate-sensors-data,ICTMicroclimate-01,2026-01-06T20:06:14+00:00,2026-01-07T07:06:14+11:00,20.5,70.300003,-37.8185931,144.9716404,Birrarung Marr Park - Pole 1131,observed_environmental_sensor_replay
COM-microclimate-sensors-data,ICTMicroclimate-01,2026-01-06T20:21:15+00:00,2026-01-07T07:21:15+11:00,21.5,65.699997,-37.8185931,144.9716404,Birrarung Marr Park - Pole 1131,observed_environmental_sensor_replay
COM-microclimate-sensors-data,ICTMicroclimate-01,2026-01-06T20:43:17+00:00,2026-01-07T07:43:17+11:00,22.0,64.699997,-37.8185931,144.9716404,Birrarung Marr Park - Pole 1131,observed_environmental_sensor_replay
COM-microclimate-sensors-data,ICTMicroclimate-01,2026-01-06T20:51:15+00:00,2026-01-07T07:51:15+11:00,23.299999,60.299999,-37.8185931,144.9716404,Birrarung Marr Park - Pole 1131,observed_environmental_sensor_replay
COM-microclimate-sensors-data,ICTMicroclimate-01,2026-01-06T21:06:16+00:00,2026-01-07T08:06:16+11:00,23.799999,58.599998,-37.8185931,144.9716404,Birrarung Marr Park - Pole 1131,observed_environmental_sensor_replay
COM-microclimate-sensors-data,ICTMicroclimate-01,2026-01-06T21:21:16+00:00,2026-01-07T08:21:16+11:00,24.799999,55.5,-37.8185931,144.9716404,Birrarung Marr Park - Pole 1131,observed_environmental_sensor_replay
COM-microclimate-sensors-data,ICTMicroclimate-01,2026-01-06T21:36:17+00:00,2026-01-07T08:36:17+11:00,25.9,52.0,-37.8185931,144.9716404,Birrarung Marr Park - Pole 1131,observed_environmental_sensor_replay
COM-microclimate-sensors-data,ICTMicroclimate-01,2026-01-06T21:51:17+00:00,2026-01-07T08:51:17+11:00,29.200001,41.700001,-37.8185931,144.9716404,Birrarung Marr Park - Pole 1131,observed_environmental_sensor_replay
COM-microclimate-sensors-data,ICTMicroclimate-01,2026-01-06T22:06:18+00:00,2026-01-07T09:06:18+11:00,31.4,35.700001,-37.8185931,144.9716404,Birrarung Marr Park - Pole 1131,observed_environmental_sensor_replay
COM-microclimate-sensors-data,ICTMicroclimate-01,2026-01-06T22:21:18+00:00,2026-01-07T09:21:18+11:00,32.0,34.799999,-37.8185931,144.9716404,Birrarung Marr Park - Pole 1131,observed_environmental_sensor_replay
COM-microclimate-sensors-data,ICTMicroclimate-01,2026-01-06T22:36:19+00:00,2026-01-07T09:36:19+11:00,35.0,26.6,-37.8185931,144.9716404,Birrarung Marr Park - Pole 1131,observed_environmental_sensor_replay
COM-microclimate-sensors-data,ICTMicroclimate-01,2026-01-06T22:51:19+00:00,2026-01-07T09:51:19+11:00,35.799999,22.5,-37.8185931,144.9716404,Birrarung Marr Park - Pole 1131,observed_environmental_sensor_replay
COM-microclimate-sensors-data,ICTMicroclimate-01,2026-01-06T23:06:20+00:00,2026-01-07T10:06:20+11:00,37.299999,19.9,-37.8185931,144.9716404,Birrarung Marr Park - Pole 1131,observed_environmental_sensor_replay
COM-microclimate-sensors-data,ICTMicroclimate-01,2026-01-06T23:21:20+00:00,2026-01-07T10:21:20+11:00,37.200001,19.1,-37.8185931,144.9716404,Birrarung Marr Park - Pole 1131,observed_environmental_sensor_replay
COM-microclimate-sensors-data,ICTMicroclimate-01,2026-01-06T23:36:21+00:00,2026-01-07T10:36:21+11:00,36.900002,19.1,-37.8185931,144.9716404,Birrarung Marr Park - Pole 1131,observed_environmental_sensor_replay
COM-microclimate-sensors-data,ICTMicroclimate-01,2026-01-06T23:51:21+00:00,2026-01-07T10:51:21+11:00,37.200001,18.6,-37.8185931,144.9716404,Birrarung Marr Park - Pole 1131,observed_environmental_sensor_replay
COM-microclimate-sensors-data,ICTMicroclimate-01,2026-01-07T00:06:22+00:00,2026-01-07T11:06:22+11:00,37.799999,18.799999,-37.8185931,144.9716404,Birrarung Marr Park - Pole 1131,observed_environmental_sensor_replay
COM-microclimate-sensors-data,ICTMicroclimate-01,2026-01-07T00:21:22+00:00,2026-01-07T11:21:22+11:00,38.0,18.4,-37.8185931,144.9716404,Birrarung Marr Park - Pole 1131,observed_environmental_sensor_replay
COM-microclimate-sensors-data,ICTMicroclimate-01,2026-01-07T00:36:23+00:00,2026-01-07T11:36:23+11:00,38.0,17.200001,-37.8185931,144.9716404,Birrarung Marr Park - Pole 1131,observed_environmental_sensor_replay
COM-microclimate-sensors-data,ICTMicroclimate-01,2026-01-07T00:51:23+00:00,2026-01-07T11:51:23+11:00,38.5,16.6,-37.8185931,144.9716404,Birrarung Marr Park - Pole 1131,observed_environmental_sensor_replay
COM-microclimate-sensors-data,ICTMicroclimate-01,2026-01-07T01:06:24+00:00,2026-01-07T12:06:24+11:00,38.700001,16.299999,-37.8185931,144.9716404,Birrarung Marr Park - Pole 1131,observed_environmental_sensor_replay
COM-microclimate-sensors-data,ICTMicroclimate-01,2026-01-07T01:21:24+00:00,2026-01-07T12:21:24+11:00,38.700001,15.7,-37.8185931,144.9716404,Birrarung Marr Park - Pole 1131,observed_environmental_sensor_replay
COM-microclimate-sensors-data,ICTMicroclimate-01,2026-01-07T01:36:25+00:00,2026-01-07T12:36:25+11:00,38.900002,15.7,-37.8185931,144.9716404,Birrarung Marr Park - Pole 1131,observed_environmental_sensor_replay
COM-microclimate-sensors-data,ICTMicroclimate-01,2026-01-07T01:58:27+00:00,2026-01-07T12:58:27+11:00,39.099998,14.5,-37.8185931,144.9716404,Birrarung Marr Park - Pole 1131,observed_environmental_sensor_replay
COM-microclimate-sensors-data,ICTMicroclimate-01,2026-01-07T02:06:24+00:00,2026-01-07T13:06:24+11:00,39.099998,13.7,-37.8185931,144.9716404,Birrarung Marr Park - Pole 1131,observed_environmental_sensor_replay
COM-microclimate-sensors-data,ICTMicroclimate-01,2026-01-07T02:21:25+00:00,2026-01-07T13:21:25+11:00,39.200001,14.5,-37.8185931,144.9716404,Birrarung Marr Park - Pole 1131,observed_environmental_sensor_replay
COM-microclimate-sensors-data,ICTMicroclimate-01,2026-01-07T02:36:26+00:00,2026-01-07T13:36:26+11:00,40.0,12.8,-37.8185931,144.9716404,Birrarung Marr Park - Pole 1131,observed_environmental_sensor_replay
COM-microclimate-sensors-data,ICTMicroclimate-01,2026-01-07T02:51:26+00:00,2026-01-07T13:51:26+11:00,40.099998,12.2,-37.8185931,144.9716404,Birrarung Marr Park - Pole 1131,observed_environmental_sensor_replay
COM-microclimate-sensors-data,ICTMicroclimate-01,2026-01-07T03:06:26+00:00,2026-01-07T14:06:26+11:00,40.0,12.5,-37.8185931,144.9716404,Birrarung Marr Park - Pole 1131,observed_environmental_sensor_replay
COM-microclimate-sensors-data,ICTMicroclimate-01,2026-01-07T03:21:26+00:00,2026-01-07T14:21:26+11:00,40.599998,11.2,-37.8185931,144.9716404,Birrarung Marr Park - Pole 1131,observed_environmental_sensor_replay
COM-microclimate-sensors-data,ICTMicroclimate-01,2026-01-07T03:43:29+00:00,2026-01-07T14:43:29+11:00,40.900002,11.2,-37.8185931,144.9716404,Birrarung Marr Park - Pole 1131,observed_environmental_sensor_replay
COM-microclimate-sensors-data,ICTMicroclimate-01,2026-01-07T03:51:28+00:00,2026-01-07T14:51:28+11:00,41.099998,9.4,-37.8185931,144.9716404,Birrarung Marr Park - Pole 1131,observed_environmental_sensor_replay
COM-microclimate-sensors-data,ICTMicroclimate-01,2026-01-07T04:06:28+00:00,2026-01-07T15:06:28+11:00,41.200001,9.2,-37.8185931,144.9716404,Birrarung Marr Park - Pole 1131,observed_environmental_sensor_replay
COM-microclimate-sensors-data,ICTMicroclimate-01,2026-01-07T04:21:29+00:00,2026-01-07T15:21:29+11:00,41.5,9.3,-37.8185931,144.9716404,Birrarung Marr Park - Pole 1131,observed_environmental_sensor_replay
COM-microclimate-sensors-data,ICTMicroclimate-01,2026-01-07T04:36:29+00:00,2026-01-07T15:36:29+11:00,42.200001,7.9,-37.8185931,144.9716404,Birrarung Marr Park - Pole 1131,observed_environmental_sensor_replay
COM-microclimate-sensors-data,ICTMicroclimate-01,2026-01-07T04:51:30+00:00,2026-01-07T15:51:30+11:00,42.099998,7.6,-37.8185931,144.9716404,Birrarung Marr Park - Pole 1131,observed_environmental_sensor_replay
COM-microclimate-sensors-data,ICTMicroclimate-01,2026-01-07T05:06:30+00:00,2026-01-07T16:06:30+11:00,42.099998,6.2,-37.8185931,144.9716404,Birrarung Marr Park - Pole 1131,observed_environmental_sensor_replay
COM-microclimate-sensors-data,ICTMicroclimate-01,2026-01-07T05:21:31+00:00,2026-01-07T16:21:31+11:00,42.400002,6.5,-37.8185931,144.9716404,Birrarung Marr Park - Pole 1131,observed_environmental_sensor_replay
COM-microclimate-sensors-data,ICTMicroclimate-01,2026-01-07T05:36:32+00:00,2026-01-07T16:36:32+11:00,42.200001,6.7,-37.8185931,144.9716404,Birrarung Marr Park - Pole 1131,observed_environmental_sensor_replay
COM-microclimate-sensors-data,ICTMicroclimate-01,2026-01-07T05:51:32+00:00,2026-01-07T16:51:32+11:00,43.400002,5.8,-37.8185931,144.9716404,Birrarung Marr Park - Pole 1131,observed_environmental_sensor_replay
COM-microclimate-sensors-data,ICTMicroclimate-01,2026-01-07T06:06:33+00:00,2026-01-07T17:06:33+11:00,42.200001,6.3,-37.8185931,144.9716404,Birrarung Marr Park - Pole 1131,observed_environmental_sensor_replay
COM-microclimate-sensors-data,ICTMicroclimate-01,2026-01-07T06:21:33+00:00,2026-01-07T17:21:33+11:00,41.900002,6.7,-37.8185931,144.9716404,Birrarung Marr Park - Pole 1131,observed_environmental_sensor_replay
COM-microclimate-sensors-data,ICTMicroclimate-01,2026-01-07T06:36:33+00:00,2026-01-07T17:36:33+11:00,42.599998,6.2,-37.8185931,144.9716404,Birrarung Marr Park - Pole 1131,observed_environmental_sensor_replay
COM-microclimate-sensors-data,ICTMicroclimate-01,2026-01-07T06:51:34+00:00,2026-01-07T17:51:34+11:00,41.799999,6.8,-37.8185931,144.9716404,Birrarung Marr Park - Pole 1131,observed_environmental_sensor_replay
COM-microclimate-sensors-data,ICTMicroclimate-01,2026-01-07T07:06:35+00:00,2026-01-07T18:06:35+11:00,42.0,6.7,-37.8185931,144.9716404,Birrarung Marr Park - Pole 1131,observed_environmental_sensor_replay
COM-microclimate-sensors-data,ICTMicroclimate-01,2026-01-07T07:21:35+00:00,2026-01-07T18:21:35+11:00,37.5,21.4,-37.8185931,144.9716404,Birrarung Marr Park - Pole 1131,observed_environmental_sensor_replay
COM-microclimate-sensors-data,ICTMicroclimate-01,2026-01-07T07:36:35+00:00,2026-01-07T18:36:35+11:00,30.5,36.900002,-37.8185931,144.9716404,Birrarung Marr Park - Pole 1131,observed_environmental_sensor_replay
COM-microclimate-sensors-data,ICTMicroclimate-01,2026-01-07T07:51:37+00:00,2026-01-07T18:51:37+11:00,29.9,36.0,-37.8185931,144.9716404,Birrarung Marr Park - Pole 1131,observed_environmental_sensor_replay
COM-microclimate-sensors-data,ICTMicroclimate-01,2026-01-07T08:06:37+00:00,2026-01-07T19:06:37+11:00,30.1,32.599998,-37.8185931,144.9716404,Birrarung Marr Park - Pole 1131,observed_environmental_sensor_replay
COM-microclimate-sensors-data,ICTMicroclimate-01,2026-01-07T08:21:37+00:00,2026-01-07T19:21:37+11:00,30.5,31.200001,-37.8185931,144.9716404,Birrarung Marr Park - Pole 1131,observed_environmental_sensor_replay
COM-microclimate-sensors-data,ICTMicroclimate-01,2026-01-07T08:36:37+00:00,2026-01-07T19:36:37+11:00,29.799999,32.700001,-37.8185931,144.9716404,Birrarung Marr Park - Pole 1131,observed_environmental_sensor_replay
COM-microclimate-sensors-data,ICTMicroclimate-01,2026-01-07T08:51:38+00:00,2026-01-07T19:51:38+11:00,29.6,29.5,-37.8185931,144.9716404,Birrarung Marr Park - Pole 1131,observed_environmental_sensor_replay
COM-microclimate-sensors-data,ICTMicroclimate-01,2026-01-07T09:06:38+00:00,2026-01-07T20:06:38+11:00,29.799999,29.0,-37.8185931,144.9716404,Birrarung Marr Park - Pole 1131,observed_environmental_sensor_replay
COM-microclimate-sensors-data,ICTMicroclimate-01,2026-01-07T09:21:39+00:00,2026-01-07T20:21:39+11:00,29.5,31.299999,-37.8185931,144.9716404,Birrarung Marr Park - Pole 1131,observed_environmental_sensor_replay
COM-microclimate-sensors-data,ICTMicroclimate-01,2026-01-07T09:36:40+00:00,2026-01-07T20:36:40+11:00,28.9,35.400002,-37.8185931,144.9716404,Birrarung Marr Park - Pole 1131,observed_environmental_sensor_replay
COM-microclimate-sensors-data,ICTMicroclimate-01,2026-01-07T09:51:40+00:00,2026-01-07T20:51:40+11:00,28.299999,37.0,-37.8185931,144.9716404,Birrarung Marr Park - Pole 1131,observed_environmental_sensor_replay
COM-microclimate-sensors-data,ICTMicroclimate-01,2026-01-07T10:06:41+00:00,2026-01-07T21:06:41+11:00,27.9,37.299999,-37.8185931,144.9716404,Birrarung Marr Park - Pole 1131,observed_environmental_sensor_replay
COM-microclimate-sensors-data,ICTMicroclimate-01,2026-01-07T10:21:41+00:00,2026-01-07T21:21:41+11:00,27.5,37.900002,-37.8185931,144.9716404,Birrarung Marr Park - Pole 1131,observed_environmental_sensor_replay
COM-microclimate-sensors-data,ICTMicroclimate-01,2026-01-07T10:36:42+00:00,2026-01-07T21:36:42+11:00,27.299999,35.200001,-37.8185931,144.9716404,Birrarung Marr Park - Pole 1131,observed_environmental_sensor_replay
COM-microclimate-sensors-data,ICTMicroclimate-01,2026-01-07T10:51:42+00:00,2026-01-07T21:51:42+11:00,26.700001,38.099998,-37.8185931,144.9716404,Birrarung Marr Park - Pole 1131,observed_environmental_sensor_replay
COM-microclimate-sensors-data,ICTMicroclimate-01,2026-01-07T11:06:42+00:00,2026-01-07T22:06:42+11:00,26.200001,43.5,-37.8185931,144.9716404,Birrarung Marr Park - Pole 1131,observed_environmental_sensor_replay
COM-microclimate-sensors-data,ICTMicroclimate-01,2026-01-07T11:28:44+00:00,2026-01-07T22:28:44+11:00,25.6,45.799999,-37.8185931,144.9716404,Birrarung Marr Park - Pole 1131,observed_environmental_sensor_replay
COM-microclimate-sensors-data,ICTMicroclimate-01,2026-01-07T11:36:43+00:00,2026-01-07T22:36:43+11:00,25.1,51.200001,-37.8185931,144.9716404,Birrarung Marr Park - Pole 1131,observed_environmental_sensor_replay
COM-microclimate-sensors-data,ICTMicroclimate-01,2026-01-07T11:51:44+00:00,2026-01-07T22:51:44+11:00,25.1,52.5,-37.8185931,144.9716404,Birrarung Marr Park - Pole 1131,observed_environmental_sensor_replay
COM-microclimate-sensors-data,ICTMicroclimate-01,2026-01-07T12:06:45+00:00,2026-01-07T23:06:45+11:00,25.1,52.599998,-37.8185931,144.9716404,Birrarung Marr Park - Pole 1131,observed_environmental_sensor_replay
COM-microclimate-sensors-data,ICTMicroclimate-01,2026-01-07T12:21:45+00:00,2026-01-07T23:21:45+11:00,25.0,53.5,-37.8185931,144.9716404,Birrarung Marr Park - Pole 1131,observed_environmental_sensor_replay
COM-microclimate-sensors-data,ICTMicroclimate-01,2026-01-07T12:43:47+00:00,2026-01-07T23:43:47+11:00,25.0,53.799999,-37.8185931,144.9716404,Birrarung Marr Park - Pole 1131,observed_environmental_sensor_replay
COM-microclimate-sensors-data,ICTMicroclimate-01,2026-01-07T12:51:46+00:00,2026-01-07T23:51:46+11:00,24.6,54.0,-37.8185931,144.9716404,Birrarung Marr Park - Pole 1131,observed_environmental_sensor_replay
COM-microclimate-sensors-data,ICTMicroclimate-01,2026-01-07T13:06:47+00:00,2026-01-08T00:06:47+11:00,24.6,57.400002,-37.8185931,144.9716404,Birrarung Marr Park - Pole 1131,observed_environmental_sensor_replay
COM-microclimate-sensors-data,ICTMicroclimate-01,2026-01-07T13:21:47+00:00,2026-01-08T00:21:47+11:00,24.299999,55.700001,-37.8185931,144.9716404,Birrarung Marr Park - Pole 1131,observed_environmental_sensor_replay
COM-microclimate-sensors-data,ICTMicroclimate-01,2026-01-07T13:36:48+00:00,2026-01-08T00:36:48+11:00,24.4,59.200001,-37.8185931,144.9716404,Birrarung Marr Park - Pole 1131,observed_environmental_sensor_replay
COM-microclimate-sensors-data,ICTMicroclimate-01,2026-01-07T13:51:48+00:00,2026-01-08T00:51:48+11:00,24.299999,58.799999,-37.8185931,144.9716404,Birrarung Marr Park - Pole 1131,observed_environmental_sensor_replay
COM-microclimate-sensors-data,ICTMicroclimate-01,2026-01-07T14:06:48+00:00,2026-01-08T01:06:48+11:00,24.299999,58.0,-37.8185931,144.9716404,Birrarung Marr Park - Pole 1131,observed_environmental_sensor_replay
COM-microclimate-sensors-data,ICTMicroclimate-01,2026-01-07T14:21:49+00:00,2026-01-08T01:21:49+11:00,24.299999,59.400002,-37.8185931,144.9716404,Birrarung Marr Park - Pole 1131,observed_environmental_sensor_replay
COM-microclimate-sensors-data,ICTMicroclimate-01,2026-01-07T14:36:50+00:00,2026-01-08T01:36:50+11:00,24.1,57.400002,-37.8185931,144.9716404,Birrarung Marr Park - Pole 1131,observed_environmental_sensor_replay
COM-microclimate-sensors-data,ICTMicroclimate-01,2026-01-07T14:58:51+00:00,2026-01-08T01:58:51+11:00,24.0,62.599998,-37.8185931,144.9716404,Birrarung Marr Park - Pole 1131,observed_environmental_sensor_replay
COM-microclimate-sensors-data,ICTMicroclimate-01,2026-01-07T15:06:51+00:00,2026-01-08T02:06:51+11:00,23.6,63.099998,-37.8185931,144.9716404,Birrarung Marr Park - Pole 1131,observed_environmental_sensor_replay
COM-microclimate-sensors-data,ICTMicroclimate-01,2026-01-07T15:21:51+00:00,2026-01-08T02:21:51+11:00,23.5,63.799999,-37.8185931,144.9716404,Birrarung Marr Park - Pole 1131,observed_environmental_sensor_replay
COM-microclimate-sensors-data,ICTMicroclimate-01,2026-01-07T15:36:52+00:00,2026-01-08T02:36:52+11:00,23.5,61.799999,-37.8185931,144.9716404,Birrarung Marr Park - Pole 1131,observed_environmental_sensor_replay
COM-microclimate-sensors-data,ICTMicroclimate-01,2026-01-07T15:51:52+00:00,2026-01-08T02:51:52+11:00,23.1,66.400002,-37.8185931,144.9716404,Birrarung Marr Park - Pole 1131,observed_environmental_sensor_replay
COM-microclimate-sensors-data,ICTMicroclimate-01,2026-01-07T16:06:53+00:00,2026-01-08T03:06:53+11:00,22.799999,66.400002,-37.8185931,144.9716404,Birrarung Marr Park - Pole 1131,observed_environmental_sensor_replay
COM-microclimate-sensors-data,ICTMicroclimate-01,2026-01-07T16:21:53+00:00,2026-01-08T03:21:53+11:00,22.5,66.900002,-37.8185931,144.9716404,Birrarung Marr Park - Pole 1131,observed_environmental_sensor_replay
COM-microclimate-sensors-data,ICTMicroclimate-01,2026-01-07T16:36:53+00:00,2026-01-08T03:36:53+11:00,22.5,66.699997,-37.8185931,144.9716404,Birrarung Marr Park - Pole 1131,observed_environmental_sensor_replay
COM-microclimate-sensors-data,ICTMicroclimate-01,2026-01-07T16:51:54+00:00,2026-01-08T03:51:54+11:00,22.299999,67.800003,-37.8185931,144.9716404,Birrarung Marr Park - Pole 1131,observed_environmental_sensor_replay
COM-microclimate-sensors-data,ICTMicroclimate-01,2026-01-07T17:06:55+00:00,2026-01-08T04:06:55+11:00,22.4,66.0,-37.8185931,144.9716404,Birrarung Marr Park - Pole 1131,observed_environmental_sensor_replay
COM-microclimate-sensors-data,ICTMicroclimate-01,2026-01-07T17:21:55+00:00,2026-01-08T04:21:55+11:00,22.799999,64.099998,-37.8185931,144.9716404,Birrarung Marr Park - Pole 1131,observed_environmental_sensor_replay
COM-microclimate-sensors-data,ICTMicroclimate-01,2026-01-07T17:36:56+00:00,2026-01-08T04:36:56+11:00,23.0,60.900002,-37.8185931,144.9716404,Birrarung Marr Park - Pole 1131,observed_environmental_sensor_replay
COM-microclimate-sensors-data,ICTMicroclimate-01,2026-01-07T17:58:57+00:00,2026-01-08T04:58:57+11:00,23.1,55.400002,-37.8185931,144.9716404,Birrarung Marr Park - Pole 1131,observed_environmental_sensor_replay
COM-microclimate-sensors-data,ICTMicroclimate-01,2026-01-07T18:06:57+00:00,2026-01-08T05:06:57+11:00,23.299999,54.200001,-37.8185931,144.9716404,Birrarung Marr Park - Pole 1131,observed_environmental_sensor_replay
COM-microclimate-sensors-data,ICTMicroclimate-01,2026-01-07T18:21:57+00:00,2026-01-08T05:21:57+11:00,23.299999,55.299999,-37.8185931,144.9716404,Birrarung Marr Park - Pole 1131,observed_environmental_sensor_replay
COM-microclimate-sensors-data,ICTMicroclimate-01,2026-01-07T18:36:58+00:00,2026-01-08T05:36:58+11:00,23.200001,55.099998,-37.8185931,144.9716404,Birrarung Marr Park - Pole 1131,observed_environmental_sensor_replay
COM-microclimate-sensors-data,ICTMicroclimate-01,2026-01-07T18:51:59+00:00,2026-01-08T05:51:59+11:00,23.0,53.099998,-37.8185931,144.9716404,Birrarung Marr Park - Pole 1131,observed_environmental_sensor_replay
COM-microclimate-sensors-data,ICTMicroclimate-01,2026-01-07T19:06:59+00:00,2026-01-08T06:06:59+11:00,23.0,51.700001,-37.8185931,144.9716404,Birrarung Marr Park - Pole 1131,observed_environmental_sensor_replay
COM-microclimate-sensors-data,ICTMicroclimate-01,2026-01-07T19:21:59+00:00,2026-01-08T06:21:59+11:00,23.0,50.599998,-37.8185931,144.9716404,Birrarung Marr Park - Pole 1131,observed_environmental_sensor_replay
COM-microclimate-sensors-data,ICTMicroclimate-01,2026-01-07T19:37:00+00:00,2026-01-08T06:37:00+11:00,23.299999,48.299999,-37.8185931,144.9716404,Birrarung Marr Park - Pole 1131,observed_environmental_sensor_replay
COM-microclimate-sensors-data,ICTMicroclimate-01,2026-01-07T19:52:00+00:00,2026-01-08T06:52:00+11:00,23.5,47.799999,-37.8185931,144.9716404,Birrarung Marr Park - Pole 1131,observed_environmental_sensor_replay
COM-microclimate-sensors-data,ICTMicroclimate-01,2026-01-07T20:14:02+00:00,2026-01-08T07:14:02+11:00,23.6,47.900002,-37.8185931,144.9716404,Birrarung Marr Park - Pole 1131,observed_environmental_sensor_replay
COM-microclimate-sensors-data,ICTMicroclimate-01,2026-01-07T20:22:01+00:00,2026-01-08T07:22:01+11:00,23.5,48.299999,-37.8185931,144.9716404,Birrarung Marr Park - Pole 1131,observed_environmental_sensor_replay
COM-microclimate-sensors-data,ICTMicroclimate-01,2026-01-07T20:44:03+00:00,2026-01-08T07:44:03+11:00,23.5,48.099998,-37.8185931,144.9716404,Birrarung Marr Park - Pole 1131,observed_environmental_sensor_replay
COM-microclimate-sensors-data,ICTMicroclimate-01,2026-01-07T20:52:02+00:00,2026-01-08T07:52:02+11:00,23.5,49.900002,-37.8185931,144.9716404,Birrarung Marr Park - Pole 1131,observed_environmental_sensor_replay
COM-microclimate-sensors-data,ICTMicroclimate-01,2026-01-07T21:07:03+00:00,2026-01-08T08:07:03+11:00,23.5,48.5,-37.8185931,144.9716404,Birrarung Marr Park - Pole 1131,observed_environmental_sensor_replay
COM-microclimate-sensors-data,ICTMicroclimate-01,2026-01-07T21:22:03+00:00,2026-01-08T08:22:03+11:00,25.299999,44.0,-37.8185931,144.9716404,Birrarung Marr Park - Pole 1131,observed_environmental_sensor_replay
COM-microclimate-sensors-data,ICTMicroclimate-01,2026-01-07T21:37:04+00:00,2026-01-08T08:37:04+11:00,25.1,44.099998,-37.8185931,144.9716404,Birrarung Marr Park - Pole 1131,observed_environmental_sensor_replay
COM-microclimate-sensors-data,ICTMicroclimate-01,2026-01-07T21:52:22+00:00,2026-01-08T08:52:22+11:00,25.200001,43.599998,-37.8185931,144.9716404,Birrarung Marr Park - Pole 1131,observed_environmental_sensor_replay
COM-microclimate-sensors-data,ICTMicroclimate-01,2026-01-07T22:07:05+00:00,2026-01-08T09:07:05+11:00,25.6,43.700001,-37.8185931,144.9716404,Birrarung Marr Park - Pole 1131,observed_environmental_sensor_replay
COM-microclimate-sensors-data,ICTMicroclimate-01,2026-01-07T22:22:06+00:00,2026-01-08T09:22:06+11:00,26.799999,42.700001,-37.8185931,144.9716404,Birrarung Marr Park - Pole 1131,observed_environmental_sensor_replay
COM-microclimate-sensors-data,ICTMicroclimate-01,2026-01-07T22:37:06+00:00,2026-01-08T09:37:06+11:00,27.4,41.599998,-37.8185931,144.9716404,Birrarung Marr Park - Pole 1131,observed_environmental_sensor_replay
COM-microclimate-sensors-data,ICTMicroclimate-01,2026-01-07T22:52:06+00:00,2026-01-08T09:52:06+11:00,28.4,39.799999,-37.8185931,144.9716404,Birrarung Marr Park - Pole 1131,observed_environmental_sensor_replay
COM-microclimate-sensors-data,ICTMicroclimate-01,2026-01-07T23:07:08+00:00,2026-01-08T10:07:08+11:00,30.200001,34.099998,-37.8185931,144.9716404,Birrarung Marr Park - Pole 1131,observed_environmental_sensor_replay
COM-microclimate-sensors-data,ICTMicroclimate-01,2026-01-07T23:22:07+00:00,2026-01-08T10:22:07+11:00,32.900002,29.4,-37.8185931,144.9716404,Birrarung Marr Park - Pole 1131,observed_environmental_sensor_replay
COM-microclimate-sensors-data,ICTMicroclimate-01,2026-01-07T23:37:08+00:00,2026-01-08T10:37:08+11:00,32.099998,30.6,-37.8185931,144.9716404,Birrarung Marr Park - Pole 1131,observed_environmental_sensor_replay
COM-microclimate-sensors-data,ICTMicroclimate-01,2026-01-07T23:52:08+00:00,2026-01-08T10:52:08+11:00,30.6,33.900002,-37.8185931,144.9716404,Birrarung Marr Park - Pole 1131,observed_environmental_sensor_replay
COM-microclimate-sensors-data,ICTMicroclimate-01,2026-01-08T00:07:09+00:00,2026-01-08T11:07:09+11:00,26.6,52.5,-37.8185931,144.9716404,Birrarung Marr Park - Pole 1131,observed_environmental_sensor_replay
COM-microclimate-sensors-data,ICTMicroclimate-01,2026-01-08T00:22:09+00:00,2026-01-08T11:22:09+11:00,25.4,58.099998,-37.8185931,144.9716404,Birrarung Marr Park - Pole 1131,observed_environmental_sensor_replay
COM-microclimate-sensors-data,ICTMicroclimate-01,2026-01-08T00:37:11+00:00,2026-01-08T11:37:11+11:00,24.799999,59.0,-37.8185931,144.9716404,Birrarung Marr Park - Pole 1131,observed_environmental_sensor_replay
COM-microclimate-sensors-data,ICTMicroclimate-01,2026-01-08T00:52:10+00:00,2026-01-08T11:52:10+11:00,25.299999,55.5,-37.8185931,144.9716404,Birrarung Marr Park - Pole 1131,observed_environmental_sensor_replay
COM-microclimate-sensors-data,ICTMicroclimate-01,2026-01-08T01:07:11+00:00,2026-01-08T12:07:11+11:00,25.299999,54.799999,-37.8185931,144.9716404,Birrarung Marr Park - Pole 1131,observed_environmental_sensor_replay
COM-microclimate-sensors-data,ICTMicroclimate-01,2026-01-08T01:22:11+00:00,2026-01-08T12:22:11+11:00,24.700001,58.0,-37.8185931,144.9716404,Birrarung Marr Park - Pole 1131,observed_environmental_sensor_replay
COM-microclimate-sensors-data,ICTMicroclimate-01,2026-01-08T01:37:12+00:00,2026-01-08T12:37:12+11:00,24.200001,59.5,-37.8185931,144.9716404,Birrarung Marr Park - Pole 1131,observed_environmental_sensor_replay
COM-microclimate-sensors-data,ICTMicroclimate-01,2026-01-08T01:52:12+00:00,2026-01-08T12:52:12+11:00,24.200001,58.900002,-37.8185931,144.9716404,Birrarung Marr Park - Pole 1131,observed_environmental_sensor_replay
COM-microclimate-sensors-data,ICTMicroclimate-01,2026-01-08T02:07:14+00:00,2026-01-08T13:07:14+11:00,24.4,56.400002,-37.8185931,144.9716404,Birrarung Marr Park - Pole 1131,observed_environmental_sensor_replay
COM-microclimate-sensors-data,ICTMicroclimate-01,2026-01-08T02:22:13+00:00,2026-01-08T13:22:13+11:00,25.200001,53.200001,-37.8185931,144.9716404,Birrarung Marr Park - Pole 1131,observed_environmental_sensor_replay
COM-microclimate-sensors-data,ICTMicroclimate-01,2026-01-08T02:37:14+00:00,2026-01-08T13:37:14+11:00,26.1,44.900002,-37.8185931,144.9716404,Birrarung Marr Park - Pole 1131,observed_environmental_sensor_replay
COM-microclimate-sensors-data,ICTMicroclimate-01,2026-01-08T02:52:15+00:00,2026-01-08T13:52:15+11:00,26.0,48.900002,-37.8185931,144.9716404,Birrarung Marr Park - Pole 1131,observed_environmental_sensor_replay
COM-microclimate-sensors-data,ICTMicroclimate-01,2026-01-08T03:07:15+00:00,2026-01-08T14:07:15+11:00,25.5,48.400002,-37.8185931,144.9716404,Birrarung Marr Park - Pole 1131,observed_environmental_sensor_replay
COM-microclimate-sensors-data,ICTMicroclimate-01,2026-01-08T03:22:15+00:00,2026-01-08T14:22:15+11:00,24.700001,52.299999,-37.8185931,144.9716404,Birrarung Marr Park - Pole 1131,observed_environmental_sensor_replay
COM-microclimate-sensors-data,ICTMicroclimate-01,2026-01-08T03:37:16+00:00,2026-01-08T14:37:16+11:00,24.200001,57.200001,-37.8185931,144.9716404,Birrarung Marr Park - Pole 1131,observed_environmental_sensor_replay
COM-microclimate-sensors-data,ICTMicroclimate-01,2026-01-08T03:52:16+00:00,2026-01-08T14:52:16+11:00,25.0,57.400002,-37.8185931,144.9716404,Birrarung Marr Park - Pole 1131,observed_environmental_sensor_replay
COM-microclimate-sensors-data,ICTMicroclimate-01,2026-01-08T04:07:17+00:00,2026-01-08T15:07:17+11:00,25.299999,53.900002,-37.8185931,144.9716404,Birrarung Marr Park - Pole 1131,observed_environmental_sensor_replay
COM-microclimate-sensors-data,ICTMicroclimate-01,2026-01-08T04:22:17+00:00,2026-01-08T15:22:17+11:00,26.1,48.900002,-37.8185931,144.9716404,Birrarung Marr Park - Pole 1131,observed_environmental_sensor_replay
COM-microclimate-sensors-data,ICTMicroclimate-01,2026-01-08T04:37:18+00:00,2026-01-08T15:37:18+11:00,26.4,49.5,-37.8185931,144.9716404,Birrarung Marr Park - Pole 1131,observed_environmental_sensor_replay
COM-microclimate-sensors-data,ICTMicroclimate-01,2026-01-08T04:52:18+00:00,2026-01-08T15:52:18+11:00,26.1,50.799999,-37.8185931,144.9716404,Birrarung Marr Park - Pole 1131,observed_environmental_sensor_replay
COM-microclimate-sensors-data,ICTMicroclimate-01,2026-01-08T05:07:19+00:00,2026-01-08T16:07:19+11:00,26.799999,51.099998,-37.8185931,144.9716404,Birrarung Marr Park - Pole 1131,observed_environmental_sensor_replay
COM-microclimate-sensors-data,ICTMicroclimate-01,2026-01-08T05:22:19+00:00,2026-01-08T16:22:19+11:00,25.9,52.5,-37.8185931,144.9716404,Birrarung Marr Park - Pole 1131,observed_environmental_sensor_replay
COM-microclimate-sensors-data,ICTMicroclimate-01,2026-01-08T05:37:47+00:00,2026-01-08T16:37:47+11:00,24.0,59.0,-37.8185931,144.9716404,Birrarung Marr Park - Pole 1131,observed_environmental_sensor_replay
COM-microclimate-sensors-data,ICTMicroclimate-01,2026-01-08T05:52:21+00:00,2026-01-08T16:52:21+11:00,23.299999,61.0,-37.8185931,144.9716404,Birrarung Marr Park - Pole 1131,observed_environmental_sensor_replay
COM-microclimate-sensors-data,ICTMicroclimate-01,2026-01-08T06:20:57+00:00,2026-01-08T17:20:57+11:00,23.1,62.700001,-37.8185931,144.9716404,Birrarung Marr Park - Pole 1131,observed_environmental_sensor_replay
COM-microclimate-sensors-data,ICTMicroclimate-01,2026-01-08T06:22:21+00:00,2026-01-08T17:22:21+11:00,23.5,61.900002,-37.8185931,144.9716404,Birrarung Marr Park - Pole 1131,observed_environmental_sensor_replay
COM-microclimate-sensors-data,ICTMicroclimate-01,2026-01-08T06:37:22+00:00,2026-01-08T17:37:22+11:00,23.5,61.799999,-37.8185931,144.9716404,Birrarung Marr Park - Pole 1131,observed_environmental_sensor_replay
COM-microclimate-sensors-data,ICTMicroclimate-01,2026-01-08T06:52:23+00:00,2026-01-08T17:52:23+11:00,23.5,61.0,-37.8185931,144.9716404,Birrarung Marr Park - Pole 1131,observed_environmental_sensor_replay
COM-microclimate-sensors-data,ICTMicroclimate-01,2026-01-08T07:07:23+00:00,2026-01-08T18:07:23+11:00,23.799999,59.700001,-37.8185931,144.9716404,Birrarung Marr Park - Pole 1131,observed_environmental_sensor_replay
COM-microclimate-sensors-data,ICTMicroclimate-01,2026-01-08T07:22:23+00:00,2026-01-08T18:22:23+11:00,24.4,56.799999,-37.8185931,144.9716404,Birrarung Marr Park - Pole 1131,observed_environmental_sensor_replay
COM-microclimate-sensors-data,ICTMicroclimate-01,2026-01-08T07:37:24+00:00,2026-01-08T18:37:24+11:00,24.1,53.900002,-37.8185931,144.9716404,Birrarung Marr Park - Pole 1131,observed_environmental_sensor_replay
COM-microclimate-sensors-data,ICTMicroclimate-01,2026-01-08T07:59:26+00:00,2026-01-08T18:59:26+11:00,23.5,55.5,-37.8185931,144.9716404,Birrarung Marr Park - Pole 1131,observed_environmental_sensor_replay
COM-microclimate-sensors-data,ICTMicroclimate-01,2026-01-08T08:07:24+00:00,2026-01-08T19:07:24+11:00,22.0,68.199997,-37.8185931,144.9716404,Birrarung Marr Park - Pole 1131,observed_environmental_sensor_replay
COM-microclimate-sensors-data,ICTMicroclimate-01,2026-01-08T08:22:24+00:00,2026-01-08T19:22:24+11:00,21.700001,67.400002,-37.8185931,144.9716404,Birrarung Marr Park - Pole 1131,observed_environmental_sensor_replay
COM-microclimate-sensors-data,ICTMicroclimate-01,2026-01-08T08:37:25+00:00,2026-01-08T19:37:25+11:00,21.5,67.599998,-37.8185931,144.9716404,Birrarung Marr Park - Pole 1131,observed_environmental_sensor_replay
COM-microclimate-sensors-data,ICTMicroclimate-01,2026-01-08T08:52:26+00:00,2026-01-08T19:52:26+11:00,21.700001,67.699997,-37.8185931,144.9716404,Birrarung Marr Park - Pole 1131,observed_environmental_sensor_replay
COM-microclimate-sensors-data,ICTMicroclimate-01,2026-01-08T09:07:26+00:00,2026-01-08T20:07:26+11:00,21.9,66.900002,-37.8185931,144.9716404,Birrarung Marr Park - Pole 1131,observed_environmental_sensor_replay
COM-microclimate-sensors-data,ICTMicroclimate-01,2026-01-08T09:22:27+00:00,2026-01-08T20:22:27+11:00,22.4,59.400002,-37.8185931,144.9716404,Birrarung Marr Park - Pole 1131,observed_environmental_sensor_replay
COM-microclimate-sensors-data,ICTMicroclimate-01,2026-01-08T09:37:27+00:00,2026-01-08T20:37:27+11:00,22.700001,47.799999,-37.8185931,144.9716404,Birrarung Marr Park - Pole 1131,observed_environmental_sensor_replay
COM-microclimate-sensors-data,ICTMicroclimate-01,2026-01-08T09:52:27+00:00,2026-01-08T20:52:27+11:00,22.700001,47.0,-37.8185931,144.9716404,Birrarung Marr Park - Pole 1131,observed_environmental_sensor_replay
COM-microclimate-sensors-data,ICTMicroclimate-01,2026-01-08T10:07:28+00:00,2026-01-08T21:07:28+11:00,22.4,56.200001,-37.8185931,144.9716404,Birrarung Marr Park - Pole 1131,observed_environmental_sensor_replay
COM-microclimate-sensors-data,ICTMicroclimate-01,2026-01-08T10:22:28+00:00,2026-01-08T21:22:28+11:00,21.5,66.300003,-37.8185931,144.9716404,Birrarung Marr Park - Pole 1131,observed_environmental_sensor_replay
COM-microclimate-sensors-data,ICTMicroclimate-01,2026-01-08T10:37:29+00:00,2026-01-08T21:37:29+11:00,21.200001,70.099998,-37.8185931,144.9716404,Birrarung Marr Park - Pole 1131,observed_environmental_sensor_replay
COM-microclimate-sensors-data,ICTMicroclimate-01,2026-01-08T10:52:30+00:00,2026-01-08T21:52:30+11:00,20.9,67.900002,-37.8185931,144.9716404,Birrarung Marr Park - Pole 1131,observed_environmental_sensor_replay
COM-microclimate-sensors-data,ICTMicroclimate-01,2026-01-08T11:07:30+00:00,2026-01-08T22:07:30+11:00,20.799999,69.0,-37.8185931,144.9716404,Birrarung Marr Park - Pole 1131,observed_environmental_sensor_replay
COM-microclimate-sensors-data,ICTMicroclimate-01,2026-01-08T11:22:30+00:00,2026-01-08T22:22:30+11:00,20.6,70.800003,-37.8185931,144.9716404,Birrarung Marr Park - Pole 1131,observed_environmental_sensor_replay
COM-microclimate-sensors-data,ICTMicroclimate-01,2026-01-08T11:37:31+00:00,2026-01-08T22:37:31+11:00,20.700001,71.300003,-37.8185931,144.9716404,Birrarung Marr Park - Pole 1131,observed_environmental_sensor_replay
COM-microclimate-sensors-data,ICTMicroclimate-01,2026-01-08T11:52:31+00:00,2026-01-08T22:52:31+11:00,20.700001,71.699997,-37.8185931,144.9716404,Birrarung Marr Park - Pole 1131,observed_environmental_sensor_replay
COM-microclimate-sensors-data,ICTMicroclimate-01,2026-01-08T12:07:32+00:00,2026-01-08T23:07:32+11:00,20.700001,71.599998,-37.8185931,144.9716404,Birrarung Marr Park - Pole 1131,observed_environmental_sensor_replay
COM-microclimate-sensors-data,ICTMicroclimate-01,2026-01-08T12:22:32+00:00,2026-01-08T23:22:32+11:00,20.5,71.900002,-37.8185931,144.9716404,Birrarung Marr Park - Pole 1131,observed_environmental_sensor_replay
COM-microclimate-sensors-data,ICTMicroclimate-01,2026-01-08T12:37:33+00:00,2026-01-08T23:37:33+11:00,20.0,74.300003,-37.8185931,144.9716404,Birrarung Marr Park - Pole 1131,observed_environmental_sensor_replay
COM-microclimate-sensors-data,ICTMicroclimate-01,2026-01-08T12:52:34+00:00,2026-01-08T23:52:34+11:00,19.700001,76.699997,-37.8185931,144.9716404,Birrarung Marr Park - Pole 1131,observed_environmental_sensor_replay
COM-microclimate-sensors-data,ICTMicroclimate-01,2026-01-08T13:07:34+00:00,2026-01-09T00:07:34+11:00,19.700001,77.300003,-37.8185931,144.9716404,Birrarung Marr Park - Pole 1131,observed_environmental_sensor_replay
COM-microclimate-sensors-data,ICTMicroclimate-01,2026-01-08T13:22:35+00:00,2026-01-09T00:22:35+11:00,19.5,77.900002,-37.8185931,144.9716404,Birrarung Marr Park - Pole 1131,observed_environmental_sensor_replay
COM-microclimate-sensors-data,ICTMicroclimate-01,2026-01-08T13:37:35+00:00,2026-01-09T00:37:35+11:00,19.5,79.0,-37.8185931,144.9716404,Birrarung Marr Park - Pole 1131,observed_environmental_sensor_replay
COM-microclimate-sensors-data,ICTMicroclimate-01,2026-01-08T13:52:36+00:00,2026-01-09T00:52:36+11:00,19.5,77.699997,-37.8185931,144.9716404,Birrarung Marr Park - Pole 1131,observed_environmental_sensor_replay
COM-microclimate-sensors-data,ICTMicroclimate-01,2026-01-08T14:07:36+00:00,2026-01-09T01:07:36+11:00,19.4,76.400002,-37.8185931,144.9716404,Birrarung Marr Park - Pole 1131,observed_environmental_sensor_replay
COM-microclimate-sensors-data,ICTMicroclimate-01,2026-01-08T14:22:37+00:00,2026-01-09T01:22:37+11:00,19.0,76.0,-37.8185931,144.9716404,Birrarung Marr Park - Pole 1131,observed_environmental_sensor_replay
COM-microclimate-sensors-data,ICTMicroclimate-01,2026-01-08T14:37:37+00:00,2026-01-09T01:37:37+11:00,18.9,76.599998,-37.8185931,144.9716404,Birrarung Marr Park - Pole 1131,observed_environmental_sensor_replay
COM-microclimate-sensors-data,ICTMicroclimate-01,2026-01-08T14:52:37+00:00,2026-01-09T01:52:37+11:00,18.9,76.5,-37.8185931,144.9716404,Birrarung Marr Park - Pole 1131,observed_environmental_sensor_replay
COM-microclimate-sensors-data,ICTMicroclimate-01,2026-01-08T15:07:38+00:00,2026-01-09T02:07:38+11:00,18.700001,76.800003,-37.8185931,144.9716404,Birrarung Marr Park - Pole 1131,observed_environmental_sensor_replay
COM-microclimate-sensors-data,ICTMicroclimate-01,2026-01-08T15:22:39+00:00,2026-01-09T02:22:39+11:00,19.0,72.5,-37.8185931,144.9716404,Birrarung Marr Park - Pole 1131,observed_environmental_sensor_replay
COM-microclimate-sensors-data,ICTMicroclimate-01,2026-01-08T15:37:39+00:00,2026-01-09T02:37:39+11:00,19.4,71.199997,-37.8185931,144.9716404,Birrarung Marr Park - Pole 1131,observed_environmental_sensor_replay
COM-microclimate-sensors-data,ICTMicroclimate-01,2026-01-08T15:52:40+00:00,2026-01-09T02:52:40+11:00,19.4,72.400002,-37.8185931,144.9716404,Birrarung Marr Park - Pole 1131,observed_environmental_sensor_replay
COM-microclimate-sensors-data,ICTMicroclimate-01,2026-01-08T16:07:40+00:00,2026-01-09T03:07:40+11:00,19.799999,70.5,-37.8185931,144.9716404,Birrarung Marr Park - Pole 1131,observed_environmental_sensor_replay
COM-microclimate-sensors-data,ICTMicroclimate-01,2026-01-08T16:22:41+00:00,2026-01-09T03:22:41+11:00,21.0,63.0,-37.8185931,144.9716404,Birrarung Marr Park - Pole 1131,observed_environmental_sensor_replay
COM-microclimate-sensors-data,ICTMicroclimate-01,2026-01-08T16:37:41+00:00,2026-01-09T03:37:41+11:00,21.700001,63.900002,-37.8185931,144.9716404,Birrarung Marr Park - Pole 1131,observed_environmental_sensor_replay
COM-microclimate-sensors-data,ICTMicroclimate-01,2026-01-08T16:52:42+00:00,2026-01-09T03:52:42+11:00,21.1,67.300003,-37.8185931,144.9716404,Birrarung Marr Park - Pole 1131,observed_environmental_sensor_replay
COM-microclimate-sensors-data,ICTMicroclimate-01,2026-01-08T17:07:42+00:00,2026-01-09T04:07:42+11:00,20.799999,70.800003,-37.8185931,144.9716404,Birrarung Marr Park - Pole 1131,observed_environmental_sensor_replay
COM-microclimate-sensors-data,ICTMicroclimate-01,2026-01-08T17:22:43+00:00,2026-01-09T04:22:43+11:00,20.700001,75.599998,-37.8185931,144.9716404,Birrarung Marr Park - Pole 1131,observed_environmental_sensor_replay
COM-microclimate-sensors-data,ICTMicroclimate-01,2026-01-08T17:37:43+00:00,2026-01-09T04:37:43+11:00,20.200001,79.0,-37.8185931,144.9716404,Birrarung Marr Park - Pole 1131,observed_environmental_sensor_replay
COM-microclimate-sensors-data,ICTMicroclimate-01,2026-01-08T17:52:44+00:00,2026-01-09T04:52:44+11:00,20.200001,78.800003,-37.8185931,144.9716404,Birrarung Marr Park - Pole 1131,observed_environmental_sensor_replay
COM-microclimate-sensors-data,ICTMicroclimate-01,2026-01-08T18:14:45+00:00,2026-01-09T05:14:45+11:00,20.200001,79.099998,-37.8185931,144.9716404,Birrarung Marr Park - Pole 1131,observed_environmental_sensor_replay
COM-microclimate-sensors-data,ICTMicroclimate-01,2026-01-08T18:22:44+00:00,2026-01-09T05:22:44+11:00,19.4,82.699997,-37.8185931,144.9716404,Birrarung Marr Park - Pole 1131,observed_environmental_sensor_replay
COM-microclimate-sensors-data,ICTMicroclimate-01,2026-01-08T18:37:44+00:00,2026-01-09T05:37:44+11:00,19.200001,85.199997,-37.8185931,144.9716404,Birrarung Marr Park - Pole 1131,observed_environmental_sensor_replay
COM-microclimate-sensors-data,ICTMicroclimate-01,2026-01-08T18:52:45+00:00,2026-01-09T05:52:45+11:00,18.9,88.599998,-37.8185931,144.9716404,Birrarung Marr Park - Pole 1131,observed_environmental_sensor_replay
COM-microclimate-sensors-data,ICTMicroclimate-01,2026-01-08T19:07:45+00:00,2026-01-09T06:07:45+11:00,18.9,89.800003,-37.8185931,144.9716404,Birrarung Marr Park - Pole 1131,observed_environmental_sensor_replay
COM-microclimate-sensors-data,ICTMicroclimate-01,2026-01-08T19:22:46+00:00,2026-01-09T06:22:46+11:00,18.9,90.300003,-37.8185931,144.9716404,Birrarung Marr Park - Pole 1131,observed_environmental_sensor_replay
COM-microclimate-sensors-data,ICTMicroclimate-01,2026-01-08T19:37:46+00:00,2026-01-09T06:37:46+11:00,18.9,91.400002,-37.8185931,144.9716404,Birrarung Marr Park - Pole 1131,observed_environmental_sensor_replay
COM-microclimate-sensors-data,ICTMicroclimate-01,2026-01-08T19:52:47+00:00,2026-01-09T06:52:47+11:00,18.9,91.300003,-37.8185931,144.9716404,Birrarung Marr Park - Pole 1131,observed_environmental_sensor_replay
COM-microclimate-sensors-data,ICTMicroclimate-01,2026-01-08T20:07:47+00:00,2026-01-09T07:07:47+11:00,19.0,87.800003,-37.8185931,144.9716404,Birrarung Marr Park - Pole 1131,observed_environmental_sensor_replay
COM-microclimate-sensors-data,ICTMicroclimate-01,2026-01-08T20:22:48+00:00,2026-01-09T07:22:48+11:00,19.5,84.900002,-37.8185931,144.9716404,Birrarung Marr Park - Pole 1131,observed_environmental_sensor_replay
COM-microclimate-sensors-data,ICTMicroclimate-01,2026-01-08T20:37:48+00:00,2026-01-09T07:37:48+11:00,19.700001,85.400002,-37.8185931,144.9716404,Birrarung Marr Park - Pole 1131,observed_environmental_sensor_replay
COM-microclimate-sensors-data,ICTMicroclimate-01,2026-01-08T20:52:49+00:00,2026-01-09T07:52:49+11:00,19.700001,86.599998,-37.8185931,144.9716404,Birrarung Marr Park - Pole 1131,observed_environmental_sensor_replay
COM-microclimate-sensors-data,ICTMicroclimate-01,2026-01-08T21:07:49+00:00,2026-01-09T08:07:49+11:00,20.0,84.400002,-37.8185931,144.9716404,Birrarung Marr Park - Pole 1131,observed_environmental_sensor_replay
COM-microclimate-sensors-data,ICTMicroclimate-01,2026-01-08T21:22:50+00:00,2026-01-09T08:22:50+11:00,20.1,82.5,-37.8185931,144.9716404,Birrarung Marr Park - Pole 1131,observed_environmental_sensor_replay
COM-microclimate-sensors-data,ICTMicroclimate-01,2026-01-08T21:37:50+00:00,2026-01-09T08:37:50+11:00,21.0,77.0,-37.8185931,144.9716404,Birrarung Marr Park - Pole 1131,observed_environmental_sensor_replay
COM-microclimate-sensors-data,ICTMicroclimate-01,2026-01-08T21:52:51+00:00,2026-01-09T08:52:51+11:00,21.1,76.699997,-37.8185931,144.9716404,Birrarung Marr Park - Pole 1131,observed_environmental_sensor_replay
COM-microclimate-sensors-data,ICTMicroclimate-01,2026-01-08T22:07:51+00:00,2026-01-09T09:07:51+11:00,22.299999,70.900002,-37.8185931,144.9716404,Birrarung Marr Park - Pole 1131,observed_environmental_sensor_replay
COM-microclimate-sensors-data,ICTMicroclimate-01,2026-01-08T22:22:52+00:00,2026-01-09T09:22:52+11:00,22.799999,68.5,-37.8185931,144.9716404,Birrarung Marr Park - Pole 1131,observed_environmental_sensor_replay
COM-microclimate-sensors-data,ICTMicroclimate-01,2026-01-08T22:37:52+00:00,2026-01-09T09:37:52+11:00,23.799999,63.900002,-37.8185931,144.9716404,Birrarung Marr Park - Pole 1131,observed_environmental_sensor_replay
COM-microclimate-sensors-data,ICTMicroclimate-01,2026-01-08T22:52:53+00:00,2026-01-09T09:52:53+11:00,25.0,57.799999,-37.8185931,144.9716404,Birrarung Marr Park - Pole 1131,observed_environmental_sensor_replay
COM-microclimate-sensors-data,ICTMicroclimate-01,2026-01-08T23:07:54+00:00,2026-01-09T10:07:54+11:00,26.4,52.599998,-37.8185931,144.9716404,Birrarung Marr Park - Pole 1131,observed_environmental_sensor_replay
COM-microclimate-sensors-data,ICTMicroclimate-01,2026-01-08T23:22:54+00:00,2026-01-09T10:22:54+11:00,28.299999,46.599998,-37.8185931,144.9716404,Birrarung Marr Park - Pole 1131,observed_environmental_sensor_replay
COM-microclimate-sensors-data,ICTMicroclimate-01,2026-01-08T23:37:55+00:00,2026-01-09T10:37:55+11:00,31.200001,39.599998,-37.8185931,144.9716404,Birrarung Marr Park - Pole 1131,observed_environmental_sensor_replay
COM-microclimate-sensors-data,ICTMicroclimate-01,2026-01-08T23:52:55+00:00,2026-01-09T10:52:55+11:00,35.599998,24.200001,-37.8185931,144.9716404,Birrarung Marr Park - Pole 1131,observed_environmental_sensor_replay
COM-microclimate-sensors-data,ICTMicroclimate-01,2026-01-09T00:07:55+00:00,2026-01-09T11:07:55+11:00,37.0,19.4,-37.8185931,144.9716404,Birrarung Marr Park - Pole 1131,observed_environmental_sensor_replay
COM-microclimate-sensors-data,ICTMicroclimate-01,2026-01-09T00:22:56+00:00,2026-01-09T11:22:56+11:00,37.799999,17.1,-37.8185931,144.9716404,Birrarung Marr Park - Pole 1131,observed_environmental_sensor_replay
COM-microclimate-sensors-data,ICTMicroclimate-01,2026-01-09T00:37:56+00:00,2026-01-09T11:37:56+11:00,39.0,13.4,-37.8185931,144.9716404,Birrarung Marr Park - Pole 1131,observed_environmental_sensor_replay
COM-microclimate-sensors-data,ICTMicroclimate-01,2026-01-09T00:52:57+00:00,2026-01-09T11:52:57+11:00,40.599998,12.4,-37.8185931,144.9716404,Birrarung Marr Park - Pole 1131,observed_environmental_sensor_replay
COM-microclimate-sensors-data,ICTMicroclimate-01,2026-01-09T01:07:58+00:00,2026-01-09T12:07:58+11:00,39.700001,12.2,-37.8185931,144.9716404,Birrarung Marr Park - Pole 1131,observed_environmental_sensor_replay
COM-microclimate-sensors-data,ICTMicroclimate-01,2026-01-09T01:22:58+00:00,2026-01-09T12:22:58+11:00,40.200001,11.1,-37.8185931,144.9716404,Birrarung Marr Park - Pole 1131,observed_environmental_sensor_replay
COM-microclimate-sensors-data,ICTMicroclimate-01,2026-01-09T01:37:59+00:00,2026-01-09T12:37:59+11:00,40.599998,10.1,-37.8185931,144.9716404,Birrarung Marr Park - Pole 1131,observed_environmental_sensor_replay
COM-microclimate-sensors-data,ICTMicroclimate-01,2026-01-09T01:52:59+00:00,2026-01-09T12:52:59+11:00,41.5,9.5,-37.8185931,144.9716404,Birrarung Marr Park - Pole 1131,observed_environmental_sensor_replay
COM-microclimate-sensors-data,ICTMicroclimate-01,2026-01-09T02:07:59+00:00,2026-01-09T13:07:59+11:00,41.5,9.4,-37.8185931,144.9716404,Birrarung Marr Park - Pole 1131,observed_environmental_sensor_replay
COM-microclimate-sensors-data,ICTMicroclimate-01,2026-01-09T02:23:00+00:00,2026-01-09T13:23:00+11:00,41.5,8.7,-37.8185931,144.9716404,Birrarung Marr Park - Pole 1131,observed_environmental_sensor_replay
COM-microclimate-sensors-data,ICTMicroclimate-01,2026-01-09T02:38:01+00:00,2026-01-09T13:38:01+11:00,41.5,8.4,-37.8185931,144.9716404,Birrarung Marr Park - Pole 1131,observed_environmental_sensor_replay
COM-microclimate-sensors-data,ICTMicroclimate-01,2026-01-09T02:53:02+00:00,2026-01-09T13:53:02+11:00,42.5,8.8,-37.8185931,144.9716404,Birrarung Marr Park - Pole 1131,observed_environmental_sensor_replay
COM-microclimate-sensors-data,ICTMicroclimate-01,2026-01-09T03:08:02+00:00,2026-01-09T14:08:02+11:00,42.5,7.7,-37.8185931,144.9716404,Birrarung Marr Park - Pole 1131,observed_environmental_sensor_replay
COM-microclimate-sensors-data,ICTMicroclimate-01,2026-01-09T03:30:05+00:00,2026-01-09T14:30:05+11:00,42.599998,7.3,-37.8185931,144.9716404,Birrarung Marr Park - Pole 1131,observed_environmental_sensor_replay
COM-microclimate-sensors-data,ICTMicroclimate-01,2026-01-09T03:38:03+00:00,2026-01-09T14:38:03+11:00,42.799999,6.6,-37.8185931,144.9716404,Birrarung Marr Park - Pole 1131,observed_environmental_sensor_replay
COM-microclimate-sensors-data,ICTMicroclimate-01,2026-01-09T03:53:02+00:00,2026-01-09T14:53:02+11:00,42.900002,7.4,-37.8185931,144.9716404,Birrarung Marr Park - Pole 1131,observed_environmental_sensor_replay
COM-microclimate-sensors-data,ICTMicroclimate-01,2026-01-09T04:08:04+00:00,2026-01-09T15:08:04+11:00,43.200001,7.1,-37.8185931,144.9716404,Birrarung Marr Park - Pole 1131,observed_environmental_sensor_replay
COM-microclimate-sensors-data,ICTMicroclimate-01,2026-01-09T04:23:03+00:00,2026-01-09T15:23:03+11:00,43.299999,6.5,-37.8185931,144.9716404,Birrarung Marr Park - Pole 1131,observed_environmental_sensor_replay
COM-microclimate-sensors-data,ICTMicroclimate-01,2026-01-09T04:38:31+00:00,2026-01-09T15:38:31+11:00,43.299999,6.2,-37.8185931,144.9716404,Birrarung Marr Park - Pole 1131,observed_environmental_sensor_replay
COM-microclimate-sensors-data,ICTMicroclimate-01,2026-01-09T04:53:05+00:00,2026-01-09T15:53:05+11:00,43.599998,6.6,-37.8185931,144.9716404,Birrarung Marr Park - Pole 1131,observed_environmental_sensor_replay
COM-microclimate-sensors-data,ICTMicroclimate-01,2026-01-09T05:08:05+00:00,2026-01-09T16:08:05+11:00,43.700001,5.9,-37.8185931,144.9716404,Birrarung Marr Park - Pole 1131,observed_environmental_sensor_replay
COM-microclimate-sensors-data,ICTMicroclimate-01,2026-01-09T05:23:05+00:00,2026-01-09T16:23:05+11:00,43.5,5.6,-37.8185931,144.9716404,Birrarung Marr Park - Pole 1131,observed_environmental_sensor_replay
COM-microclimate-sensors-data,ICTMicroclimate-01,2026-01-09T05:38:06+00:00,2026-01-09T16:38:06+11:00,42.799999,5.7,-37.8185931,144.9716404,Birrarung Marr Park - Pole 1131,observed_environmental_sensor_replay
COM-microclimate-sensors-data,ICTMicroclimate-01,2026-01-09T05:53:07+00:00,2026-01-09T16:53:07+11:00,42.599998,6.2,-37.8185931,144.9716404,Birrarung Marr Park - Pole 1131,observed_environmental_sensor_replay
COM-microclimate-sensors-data,ICTMicroclimate-01,2026-01-09T06:08:07+00:00,2026-01-09T17:08:07+11:00,42.299999,6.5,-37.8185931,144.9716404,Birrarung Marr Park - Pole 1131,observed_environmental_sensor_replay
COM-microclimate-sensors-data,ICTMicroclimate-01,2026-01-09T06:23:08+00:00,2026-01-09T17:23:08+11:00,40.599998,14.9,-37.8185931,144.9716404,Birrarung Marr Park - Pole 1131,observed_environmental_sensor_replay
COM-microclimate-sensors-data,ICTMicroclimate-01,2026-01-09T06:38:09+00:00,2026-01-09T17:38:09+11:00,32.0,34.0,-37.8185931,144.9716404,Birrarung Marr Park - Pole 1131,observed_environmental_sensor_replay
COM-microclimate-sensors-data,ICTMicroclimate-01,2026-01-09T06:53:08+00:00,2026-01-09T17:53:08+11:00,30.5,38.099998,-37.8185931,144.9716404,Birrarung Marr Park - Pole 1131,observed_environmental_sensor_replay
COM-microclimate-sensors-data,ICTMicroclimate-01,2026-01-09T07:08:35+00:00,2026-01-09T18:08:35+11:00,28.6,44.799999,-37.8185931,144.9716404,Birrarung Marr Park - Pole 1131,observed_environmental_sensor_replay
COM-microclimate-sensors-data,ICTMicroclimate-01,2026-01-09T07:23:10+00:00,2026-01-09T18:23:10+11:00,28.1,46.200001,-37.8185931,144.9716404,Birrarung Marr Park - Pole 1131,observed_environmental_sensor_replay
COM-microclimate-sensors-data,ICTMicroclimate-01,2026-01-09T07:38:10+00:00,2026-01-09T18:38:10+11:00,27.9,46.200001,-37.8185931,144.9716404,Birrarung Marr Park - Pole 1131,observed_environmental_sensor_replay
COM-microclimate-sensors-data,ICTMicroclimate-01,2026-01-09T07:53:10+00:00,2026-01-09T18:53:10+11:00,27.799999,47.0,-37.8185931,144.9716404,Birrarung Marr Park - Pole 1131,observed_environmental_sensor_replay
COM-microclimate-sensors-data,ICTMicroclimate-01,2026-01-09T08:15:13+00:00,2026-01-09T19:15:13+11:00,27.5,48.0,-37.8185931,144.9716404,Birrarung Marr Park - Pole 1131,observed_environmental_sensor_replay
COM-microclimate-sensors-data,ICTMicroclimate-01,2026-01-09T08:23:12+00:00,2026-01-09T19:23:12+11:00,27.9,42.799999,-37.8185931,144.9716404,Birrarung Marr Park - Pole 1131,observed_environmental_sensor_replay
COM-microclimate-sensors-data,ICTMicroclimate-01,2026-01-09T08:38:13+00:00,2026-01-09T19:38:13+11:00,27.9,42.799999,-37.8185931,144.9716404,Birrarung Marr Park - Pole 1131,observed_environmental_sensor_replay
COM-microclimate-sensors-data,ICTMicroclimate-01,2026-01-09T09:00:14+00:00,2026-01-09T20:00:14+11:00,27.799999,41.400002,-37.8185931,144.9716404,Birrarung Marr Park - Pole 1131,observed_environmental_sensor_replay
COM-microclimate-sensors-data,ICTMicroclimate-01,2026-01-09T09:08:13+00:00,2026-01-09T20:08:13+11:00,27.1,41.0,-37.8185931,144.9716404,Birrarung Marr Park - Pole 1131,observed_environmental_sensor_replay
COM-microclimate-sensors-data,ICTMicroclimate-01,2026-01-09T09:23:13+00:00,2026-01-09T20:23:13+11:00,27.1,39.5,-37.8185931,144.9716404,Birrarung Marr Park - Pole 1131,observed_environmental_sensor_replay
COM-microclimate-sensors-data,ICTMicroclimate-01,2026-01-09T09:38:14+00:00,2026-01-09T20:38:14+11:00,26.799999,38.299999,-37.8185931,144.9716404,Birrarung Marr Park - Pole 1131,observed_environmental_sensor_replay
COM-microclimate-sensors-data,ICTMicroclimate-01,2026-01-09T10:00:16+00:00,2026-01-09T21:00:16+11:00,26.4,35.799999,-37.8185931,144.9716404,Birrarung Marr Park - Pole 1131,observed_environmental_sensor_replay
COM-microclimate-sensors-data,ICTMicroclimate-01,2026-01-09T10:08:14+00:00,2026-01-09T21:08:14+11:00,26.1,37.5,-37.8185931,144.9716404,Birrarung Marr Park - Pole 1131,observed_environmental_sensor_replay
COM-microclimate-sensors-data,ICTMicroclimate-01,2026-01-09T10:23:15+00:00,2026-01-09T21:23:15+11:00,26.200001,36.099998,-37.8185931,144.9716404,Birrarung Marr Park - Pole 1131,observed_environmental_sensor_replay
COM-microclimate-sensors-data,ICTMicroclimate-01,2026-01-09T10:38:15+00:00,2026-01-09T21:38:15+11:00,26.299999,37.400002,-37.8185931,144.9716404,Birrarung Marr Park - Pole 1131,observed_environmental_sensor_replay
COM-microclimate-sensors-data,ICTMicroclimate-01,2026-01-09T10:53:16+00:00,2026-01-09T21:53:16+11:00,26.1,37.900002,-37.8185931,144.9716404,Birrarung Marr Park - Pole 1131,observed_environmental_sensor_replay
COM-microclimate-sensors-data,ICTMicroclimate-01,2026-01-09T11:08:16+00:00,2026-01-09T22:08:16+11:00,26.1,38.299999,-37.8185931,144.9716404,Birrarung Marr Park - Pole 1131,observed_environmental_sensor_replay
COM-microclimate-sensors-data,ICTMicroclimate-01,2026-01-09T11:23:16+00:00,2026-01-09T22:23:16+11:00,25.799999,43.599998,-37.8185931,144.9716404,Birrarung Marr Park - Pole 1131,observed_environmental_sensor_replay
COM-microclimate-sensors-data,ICTMicroclimate-01,2026-01-09T11:38:17+00:00,2026-01-09T22:38:17+11:00,25.5,43.099998,-37.8185931,144.9716404,Birrarung Marr Park - Pole 1131,observed_environmental_sensor_replay
COM-microclimate-sensors-data,ICTMicroclimate-01,2026-01-09T11:53:18+00:00,2026-01-09T22:53:18+11:00,24.700001,49.599998,-37.8185931,144.9716404,Birrarung Marr Park - Pole 1131,observed_environmental_sensor_replay
COM-microclimate-sensors-data,ICTMicroclimate-01,2026-01-09T12:08:19+00:00,2026-01-09T23:08:19+11:00,24.0,61.200001,-37.8185931,144.9716404,Birrarung Marr Park - Pole 1131,observed_environmental_sensor_replay
COM-microclimate-sensors-data,ICTMicroclimate-01,2026-01-09T12:23:19+00:00,2026-01-09T23:23:19+11:00,23.299999,62.099998,-37.8185931,144.9716404,Birrarung Marr Park - Pole 1131,observed_environmental_sensor_replay
COM-microclimate-sensors-data,ICTMicroclimate-01,2026-01-09T12:38:19+00:00,2026-01-09T23:38:19+11:00,23.1,62.299999,-37.8185931,144.9716404,Birrarung Marr Park - Pole 1131,observed_environmental_sensor_replay
COM-microclimate-sensors-data,ICTMicroclimate-01,2026-01-09T12:53:20+00:00,2026-01-09T23:53:20+11:00,23.299999,56.299999,-37.8185931,144.9716404,Birrarung Marr Park - Pole 1131,observed_environmental_sensor_replay
